Bus (ID);Bus (numéro);Etat;Ligne (ID);Ligne (nom court);Code du sens;Destination;Coordonnées;Avance / Retard
1314101328;1314101328;En ligne;0001;C1;0;Chantepie;48.104321, -1.670155;-3
-973300320;-973300320;En ligne;0032;32;0;Alma Sud;48.096204, -1.660705;-46
1496607296;1496607296;Hors-service;;;;;48.110397, -1.641633;
-2068336128;-2068336128;Hors-service;;;;;48.110635, -1.642905;
121735488;121735488;En ligne;0032;32;1;Saint-Grégoire;48.093496, -1.670114;292
1679113264;1679113264;En ligne;0050;50;1;Thorigné;48.13304, -1.620988;0
-1885830160;-1885830160;Hors-service;;;;;48.109833, -1.643144;
1581783232;1581783232;En ligne;0013;13;0;Porte de Ker Lann;48.087628, -1.645956;-80
1861619232;1861619232;En ligne;0153;153ex;0;La Chapelle-Th.;48.12286, -1.788984;-19
-1703324192;-1703324192;En ligne;0050;50;1;Thorigné;48.1375, -1.621957;66
2129301136;2129301136;En ligne;0064;64;1;Acigné;48.135427, -1.543164;52
2044125200;2044125200;Hors-service;;;;;48.110236, -1.642507;
-1338312256;-1338312256;Hors-service;;;;;48.110237, -1.642265;
-1983160192;-1983160192;Hors-service;;;;;48.109512, -1.642591;
-1520818224;-1520818224;En ligne;0010;10;1;Beaulieu Chimie;48.116373, -1.67106;1864
-1155806288;-1155806288;Hors-service;;;;;48.110001, -1.643226;
-1800654224;-1800654224;Hors-service;;;;;48.109515, -1.642511;
-608288384;-608288384;En ligne;0034;34;1;ZA Saint-Sulpice;48.118594, -1.600662;-94
-790794352;-790794352;En ligne;0013;13;1;Chantepie;48.088894, -1.70621;-79
-1824962416;-1824962416;En ligne;0004;C4;1;ZA Saint-Sulpice;48.135681, -1.693075;3109
-243276448;-243276448;En ligne;0013;13;1;Chantepie;48.106151, -1.702309;291
-425782416;-425782416;En ligne;0014;14;0;Roazhon Park;48.117195, -1.634032;0
-1277444512;-1277444512;En ligne;0004;C4;1;ZA Saint-Sulpice;48.121785, -1.703823;1278
304241456;304241456;Haut-le-pied;0001;C1;1;Saint-Grégoire;48.157117, -1.687397;
-60770480;-60770480;En ligne;0053;53;1;Rennes;48.116394, -1.710127;24
-729926608;-729926608;Hors-service;;;;;48.115756, -1.577707;
486747424;486747424;En ligne;0001;C1;1;Saint-Grégoire;48.133442, -1.685214;405
851759360;851759360;Hors-service;;;;;48.110712, -1.643235;
-547420640;-547420640;En ligne;0004;C4;1;ZA Saint-Sulpice;48.135753, -1.693068;0
669253392;669253392;En ligne;0013;13;0;Porte de Ker Lann;48.087186, -1.675099;-185
1399277264;1399277264;En ligne;0013;13;1;Chantepie;48.055484, -1.738829;19
97264;97264;En ligne;0004;C4;0;Grand Quartier;48.136635, -1.692191;652
1034265328;1034265328;En ligne;0059;59;1;Rennes;48.029115, -1.752676;0
1946795168;1946795168;En ligne;0011;11;1;La Poterie;48.107427, -1.739289;1334
730121136;730121136;En ligne;0006;C6;0;Aéroport;48.092752, -1.703297;730
1216771296;1216771296;Hors-service;;;;;48.064153, -1.702514;
-1618148256;-1618148256;Hors-service;;;;;48.096873, -1.625226;
912627104;912627104;En ligne;0005;C5;0;Lycée Bréquigny;48.123752, -1.651544;38
1764289200;1764289200;En ligne;0013;13;1;Chantepie;48.083845, -1.628027;-108
-1435642288;-1435642288;Hors-service;;;;;48.096392, -1.625076;
1642650976;1642650976;En ligne;0006;C6;1;Cesson-Sévigné;48.068001, -1.727066;0
-705618416;-705618416;En ligne;0055;55;0;Mordelles Le Verger;48.063332, -1.868526;304
-1253136320;-1253136320;Haut-le-pied;0154;154ex;0;Dépôt;48.103917, -1.879077;
1825156944;1825156944;En ligne;0004;C4;0;Grand Quartier;48.128162, -1.693996;913
1922486976;1922486976;Hors-service;;;;;48.115834, -1.577553;
-1070630352;-1070630352;En ligne;0068;68;0;Rennes;48.22168, -1.802267;0
-1739786480;-1739786480;En ligne;0004;C4;1;ZA Saint-Sulpice;48.116083, -1.705065;1571
2104992944;2104992944;En ligne;0004;C4;0;Grand Quartier;48.112989, -1.641282;1618
-2007468384;-2007468384;Inconnu;0004;C4;1;ZA Saint-Sulpice;48.128955, -1.696275;
-1009762608;-1009762608;Hors-service;;;;;48.108954, -1.641869;
-1642456448;-1642456448;En ligne;0010;10;0;Porte de Cleunay;48.117205, -1.690276;10
-1094938544;-1094938544;En ligne;0006;C6;0;Aéroport;48.113518, -1.590516;0
-462244704;-462244704;En ligne;0001;C1;0;Chantepie;48.109851, -1.680039;-114
-1459950480;-1459950480;En ligne;0006;C6;1;Cesson-Sévigné;48.100952, -1.690273;467
-912432576;-912432576;En ligne;0006;C6;1;Cesson-Sévigné;48.098203, -1.699085;-45
85273200;85273200;En ligne;0001;C1;0;Chantepie;48.155775, -1.671246;31
365109200;365109200;En ligne;0006;C6;1;Cesson-Sévigné;48.115688, -1.600732;-209
-364914672;-364914672;Hors-service;;;;;48.111752, -1.680275;
997803040;997803040;Haut-le-pied;0003;C3;1;Patton;48.112156, -1.643874;
547615168;547615168;En ligne;0004;C4;0;Grand Quartier;48.11632, -1.633605;370
182603232;182603232;En ligne;0004;C4;1;ZA Saint-Sulpice;48.132852, -1.695746;1040
1180309008;1180309008;En ligne;0004;C4;1;ZA Saint-Sulpice;48.11, -1.669015;1672
1277639040;1277639040;En ligne;0006;C6;0;Aéroport;48.116327, -1.607236;-24
1095133072;1095133072;En ligne;0006;C6;1;Cesson-Sévigné;48.105482, -1.685386;834
-1301752704;-1301752704;En ligne;0012;12;1;Villejean-U;48.122514, -1.68415;251
1460145008;1460145008;En ligne;0004;C4;0;Grand Quartier;48.121639, -1.63243;32
-2104798416;-2104798416;Haut-le-pied;0006;C6;0;Dépôt;48.110653, -1.658426;
-571728832;-571728832;Hors-service;;;;;48.11112, -1.643877;
2007662912;2007662912;En ligne;0006;C6;0;Aéroport;48.09286, -1.703535;155
-1557280512;-1557280512;En ligne;0010;10;0;Porte de Cleunay;48.113401, -1.693438;815
705812944;705812944;Hors-service;;;;;48.109198, -1.641635;
-1922292448;-1922292448;En ligne;0006;C6;0;Aéroport;48.113435, -1.590347;173
-1192268576;-1192268576;Hors-service;;;;;48.108955, -1.641627;
1618342784;1618342784;En ligne;0012;12;1;Villejean-U;48.107296, -1.673312;138
-827256640;-827256640;Hors-service;;;;;48.115913, -1.577627;
-644750672;-644750672;En ligne;0001;C1;0;Chantepie;48.085513, -1.612177;-222
1800848752;1800848752;Hors-service;;;;;48.109201, -1.642026;
-97232768;-97232768;Hors-service;;;;;48.108957, -1.642031;
-279738736;-279738736;En ligne;0004;C4;0;Grand Quartier;48.114059, -1.639289;736
1983354720;1983354720;En ligne;0034;34;1;ZA Saint-Sulpice;48.110927, -1.608636;-773
632791104;632791104;En ligne;0011;11;0;ZI Ouest;48.103508, -1.651525;53
450285136;450285136;En ligne;0004;C4;0;Grand Quartier;48.128711, -1.69764;40
-2129106608;-2129106608;En ligne;0032;32;0;Alma Sud;48.134466, -1.673051;-63
1362814976;1362814976;En ligne;0004;C4;0;Grand Quartier;48.109932, -1.678889;405
1545320944;1545320944;En ligne;0006;C6;1;Cesson-Sévigné;48.109858, -1.678721;1006
-1946600640;-1946600640;En ligne;0010;10;1;Beaulieu Chimie;48.116397, -1.672717;985
-1119246736;-1119246736;En ligne;0012;12;0;La Poterie;48.09771, -1.669544;59
1727826912;1727826912;En ligne;0001;C1;1;Saint-Grégoire;48.109864, -1.678102;-35
-1399082736;-1399082736;En ligne;0010;10;1;Beaulieu Chimie;48.104235, -1.713471;0
-754234800;-754234800;Hors-service;;;;;48.109199, -1.641393;
1910332880;1910332880;En ligne;0002;C2;1;Cesson-Viasilva;48.104917, -1.677382;-146
60965008;60965008;En ligne;0010;10;1;Beaulieu Chimie;48.105014, -1.694214;848
888318912;888318912;Hors-service;;;;;48.110401, -1.64131;
-936740768;-936740768;En ligne;0012;12;0;La Poterie;48.115886, -1.674234;-28
425976944;425976944;Hors-service;;;;;48.115599, -1.578272;
-1216576768;-1216576768;En ligne;0012;12;1;Villejean-U;48.137566, -1.687371;634
523306976;523306976;Hors-service;;;;;48.10912, -1.641547;
608482912;608482912;En ligne;0014;14;0;Roazhon Park;48.121752, -1.703954;109
-1958754736;-1958754736;Hors-service;;;;;48.110876, -1.644111;
1070824880;1070824880;Hors-service;;;;;48.10912, -1.64179;
790988880;790988880;En ligne;0014;14;0;Roazhon Park;48.136978, -1.686296;114
-1983062928;-1983062928;En ligne;0011;11;1;La Poterie;48.10978, -1.679535;1601
-1764094672;-1764094672;En ligne;0012;12;1;Villejean-U;48.1248, -1.710016;943
1058670784;1058670784;En ligne;0011;11;0;ZI Ouest;48.10451, -1.736067;1349
-1435545024;-1435545024;En ligne;0012;12;1;Villejean-U;48.087352, -1.642676;0
-1581588704;-1581588704;Hors-service;;;;;48.108717, -1.641956;
1241176752;1241176752;Hors-service;;;;;48.110401, -1.642912;
-523015184;-523015184;En ligne;0050;50;1;Thorigné;48.154015, -1.580339;251
-1034070800;-1034070800;En ligne;0012;12;1;Villejean-U;48.092439, -1.646944;59
1971200624;1971200624;En ligne;0064;64;0;Cesson-Viasilva;48.127461, -1.626491;-59
-340509216;-340509216;En ligne;0034;34;1;ZA Saint-Sulpice;48.13215, -1.634927;-114
-121540960;-121540960;En ligne;0032;32;1;Saint-Grégoire;48.15198, -1.685998;192
2129398400;2129398400;En ligne;0153;153ex;0;La Chapelle-Th.;48.109998, -1.685167;80
-912335312;-912335312;Hors-service;;;;;48.108719, -1.640987;
243470976;243470976;En ligne;0010;10;1;Beaulieu Chimie;48.097651, -1.706801;501
-1800556960;-1800556960;Hors-service;;;;;48.110716, -1.642912;
-729829344;-729829344;En ligne;0053;53;1;Rennes;48.122599, -1.868362;0
973494848;973494848;En ligne;0034;34;0;Cesson Monniais;48.132271, -1.619695;51
-705521152;-705521152;En ligne;0012;12;0;La Poterie;48.134244, -1.700395;386
194528;194528;Hors-service;;;;;48.110637, -1.64195;
1606188688;1606188688;Haut-le-pied;0164;164ex;0;Dépôt;48.136996, -1.527437;
-158003248;-158003248;Hors-service;;;;;48.110638, -1.644427;
365206464;365206464;En ligne;0002;C2;0;Haut Sancé;48.119372, -1.667259;0
1788694656;1788694656;Haut-le-pied;0164;164ex;0;Dépôt;48.122687, -1.630529;
24502720;24502720;Hors-service;;;;;48.063757, -1.700906;
547712432;547712432;Hors-service;;;;;48.110555, -1.644029;
-2141260704;-2141260704;En ligne;0013;13;0;Porte de Ker Lann;48.085561, -1.675614;536
389514656;389514656;En ligne;0159;159ex;0;Bruz;48.023531, -1.7445;-28
1642748240;1642748240;En ligne;0005;C5;1;Saint-Laurent;48.134693, -1.659133;51
-1253039056;-1253039056;En ligne;0064;64;0;Cesson-Viasilva;48.139746, -1.532117;6
-182311440;-182311440;En ligne;0034;34;0;Chantepie;48.127991, -1.613895;515
-1557183248;-1557183248;En ligne;0003;C3;1;Patton;48.09736, -1.675178;1310
-1070533088;-1070533088;Hors-service;;;;;48.110319, -1.641787;
182700496;182700496;Haut-le-pied;0006;C6;0;Dépôt;48.10128, -1.652916;
-279641472;-279641472;En ligne;0001;C1;1;Saint-Grégoire;48.155303, -1.671097;1687
-888027120;-888027120;Hors-service;;;;;48.109112, -1.641076;
730218400;730218400;En ligne;0005;C5;0;Lycée Bréquigny;48.138438, -1.659033;-3
-97135504;-97135504;Hors-service;;;;;48.110315, -1.64211;
207008688;207008688;En ligne;0159;159ex;0;Bruz;48.086643, -1.674943;154
1095230336;1095230336;En ligne;0053;53;0;La Chapelle-Th;48.123553, -1.817969;8
632888368;632888368;En ligne;0002;C2;1;Cesson-Viasilva;48.12992, -1.629305;20
-1094841280;-1094841280;En ligne;0005;C5;0;Lycée Bréquigny;48.116145, -1.655855;321
1460242272;1460242272;En ligne;0006;C6;0;Aéroport;48.109932, -1.678889;-124
997900304;997900304;Hors-service;;;;;48.110313, -1.643308;
-547323376;-547323376;En ligne;0007;C7;1;St-Jacques-Gaîté;48.042252, -1.753507;74
2007760176;2007760176;En ligne;0059;59;0;Bruz;48.088238, -1.674506;0
1362912240;1362912240;En ligne;0002;C2;1;Cesson-Viasilva;48.121531, -1.663276;115
-364817408;-364817408;En ligne;0002;C2;0;Haut Sancé;48.125392, -1.642426;-43
-2104701152;-2104701152;En ligne;0006;C6;1;Cesson-Sévigné;48.067992, -1.726837;0
1545418208;1545418208;En ligne;0014;14;0;Roazhon Park;48.1087, -1.71138;205
912724368;912724368;Hors-service;;;;;48.115593, -1.578191;
-1739689216;-1739689216;En ligne;0002;C2;0;Haut Sancé;48.132639, -1.619956;0
1727924176;1727924176;En ligne;0005;C5;1;Saint-Laurent;48.099717, -1.686193;-131
1825254208;1825254208;Hors-service;;;;;48.110634, -1.64203;
-1192171312;-1192171312;Hors-service;;;;;48.108953, -1.640994;
1910430144;1910430144;Haut-le-pied;0153;153ex;0;Dépôt;48.114234, -1.719519;
-1922195184;-1922195184;En ligne;0001;C1;0;Chantepie;48.153666, -1.686686;105
-1009665344;-1009665344;En ligne;0053;53;1;Rennes;48.120966, -1.771915;106
-2019525216;-2019525216;En ligne;0005;C5;1;Saint-Laurent;48.108464, -1.680213;-66
-1374677280;-1374677280;En ligne;0006;C6;0;Aéroport;48.105602, -1.685329;130
-827159376;-827159376;Hors-service;;;;;48.110552, -1.643867;
-1654513280;-1654513280;Hors-service;;;;;48.110315, -1.643712;
450382400;450382400;En ligne;0005;C5;0;Lycée Bréquigny;48.108491, -1.680215;-52
85370464;85370464;En ligne;0002;C2;0;Haut Sancé;48.104727, -1.666732;-83
-194465536;-194465536;En ligne;0003;C3;1;Patton;48.116113, -1.6742;1704
815394336;815394336;En ligne;0014;14;1;Beaulieu Chimie;48.128913, -1.696419;450
267876432;267876432;Hors-service;;;;;48.110075, -1.643395;
243568240;243568240;En ligne;0154;154ex;0;Le Rheu / Cintré;48.109281, -1.689815;259
1180406272;1180406272;En ligne;0053;53;0;La Chapelle-Th;48.116343, -1.713435;-20
2092936112;2092936112;En ligne;0005;C5;1;Saint-Laurent;48.116795, -1.655387;174
1229119920;1229119920;Inconnu;0011;11;0;ZI Ouest;48.106478, -1.739796;
-1472007312;-1472007312;Hors-service;;;;;48.110312, -1.643792;
-1837019248;-1837019248;En ligne;0006;C6;0;Aéroport;48.111805, -1.645929;-101
1411625888;1411625888;En ligne;0011;11;0;ZI Ouest;48.10257, -1.654255;610
-1289501344;-1289501344;Hors-service;;;;;48.110392, -1.64427;
-1106995376;-1106995376;Hors-service;;;;;48.111039, -1.64387;
1959143792;1959143792;En ligne;0013;13;1;Chantepie;48.092308, -1.613376;29
-559477472;-559477472;En ligne;0005;C5;1;Saint-Laurent;48.08416, -1.692038;0
-924489408;-924489408;Hors-service;;;;;48.110559, -1.641633;
-1605799632;-1605799632;Haut-le-pied;0003;C3;1;Patton;48.101274, -1.653306;
-376971504;-376971504;En ligne;0002;C2;0;Haut Sancé;48.09578, -1.637415;50
-741983440;-741983440;En ligne;0005;C5;1;Saint-Laurent;48.084078, -1.692044;0
-1423293664;-1423293664;Haut-le-pied;0003;C3;1;Patton;48.099199, -1.675637;
-1398985472;-1398985472;Hors-service;;;;;48.110159, -1.640589;
1253428112;1253428112;Hors-service;;;;;48.110159, -1.640589;
-1058281728;-1058281728;En ligne;0013;13;0;Porte de Ker Lann;48.086722, -1.615821;5
-1216479504;-1216479504;Hors-service;;;;;48.110393, -1.641955;
1435934080;1435934080;Hors-service;;;;;48.11024, -1.640596;
-693269792;-693269792;En ligne;0053;53;1;Rennes;48.109827, -1.684035;137
-1033973536;-1033973536;En ligne;0011;11;0;ZI Ouest;48.109081, -1.690322;-69
-303949664;-303949664;En ligne;0064;64;0;Cesson-Viasilva;48.130069, -1.628026;118
-510763824;-510763824;Hors-service;;;;;48.110555, -1.643787;
-668961600;-668961600;En ligne;0002;C2;0;Haut Sancé;48.087386, -1.642948;-203
-121443696;-121443696;Hors-service;;;;;48.110233, -1.640757;
-328257856;-328257856;En ligne;0014;14;0;Roazhon Park;48.134524, -1.65862;42
1338604048;1338604048;En ligne;0064;64;1;Acigné;48.132778, -1.619861;0
426074208;426074208;En ligne;0167;167ex;1;Brécé;48.114079, -1.634203;14
36754080;36754080;Hors-service;;;;;48.104544, -1.667927;
1594131856;1594131856;En ligne;0011;11;1;La Poterie;48.109839, -1.681694;1068
791086144;791086144;Hors-service;;;;;48.110556, -1.644675;
1131789888;1131789888;En ligne;0002;C2;0;Haut Sancé;48.11036, -1.674243;115
-1970811568;-1970811568;En ligne;0001;C1;1;Saint-Grégoire;48.099294, -1.646376;311
1156098080;1156098080;En ligne;0050;50;0;Cesson-Viasilva;48.154113, -1.580388;212
1679307792;1679307792;Hors-service;;;;;48.064076, -1.700826;
-1240787696;-1240787696;En ligne;0011;11;1;La Poterie;48.105052, -1.73983;2
1046613952;1046613952;Hors-service;;;;;48.064233, -1.70275;
1861813760;1861813760;En ligne;0047;C7ex;0;Bruz;48.091995, -1.702826;0
-875775760;-875775760;En ligne;0011;11;0;ZI Ouest;48.106775, -1.729486;430
1776637824;1776637824;En ligne;0011;11;0;ZI Ouest;48.109087, -1.709584;131
-790599824;-790599824;En ligne;0005;C5;1;Saint-Laurent;48.112009, -1.671091;48
-145751888;-145751888;En ligne;0014;14;0;Roazhon Park;48.109672, -1.608916;0
2141649760;2141649760;Hors-service;;;;;48.064799, -1.702357;
-608093856;-608093856;En ligne;0013;13;0;Porte de Ker Lann;48.067553, -1.720476;-231
219260048;219260048;En ligne;0014;14;1;Cesson Monniais;48.107959, -1.713898;548
-1788305600;-1788305600;En ligne;0047;C7ex;0;Bruz;48.077064, -1.712608;245
486941952;486941952;Hors-service;;;;;48.064634, -1.702436;
584271984;584271984;En ligne;0047;C7ex;0;Bruz;48.019627, -1.747859;172
401766016;401766016;En ligne;0003;C3;0;Henri Fréville;48.094475, -1.681786;631
669447920;669447920;Haut-le-pied;0007;C7;1;Dépôt;48.09164, -1.702485;
1496801824;1496801824;En ligne;0001;C1;1;Saint-Grégoire;48.117715, -1.689688;435
766777952;766777952;En ligne;0001;C1;1;Saint-Grégoire;48.085462, -1.604047;0
1034459856;1034459856;En ligne;0001;C1;1;Saint-Grégoire;48.087388, -1.616552;28
2044319728;2044319728;En ligne;0013;13;1;Chantepie;48.086457, -1.674402;526
949283920;949283920;En ligne;0059;59;1;Rennes;48.070685, -1.696962;105
1399471792;1399471792;En ligne;0001;C1;1;Saint-Grégoire;48.158343, -1.672174;126
-2068141600;-2068141600;En ligne;0011;11;0;ZI Ouest;48.087436, -1.642589;48
1314295856;1314295856;En ligne;0007;C7;1;St-Jacques-Gaîté;48.024639, -1.744506;0
-1435447760;-1435447760;En ligne;0005;C5;0;Lycée Bréquigny;48.099951, -1.686873;49
-1703129664;-1703129664;En ligne;0011;11;1;La Poterie;48.099028, -1.621983;687
-1885635632;-1885635632;En ligne;0011;11;0;ZI Ouest;48.099805, -1.621472;-21
-887929856;-887929856;Hors-service;;;;;48.110634, -1.64339;
-1155611760;-1155611760;En ligne;0001;C1;1;Saint-Grégoire;48.104198, -1.671208;978
-1520623696;-1520623696;En ligne;0007;C7;1;St-Jacques-Gaîté;48.055999, -1.731412;139
-705423888;-705423888;Hors-service;;;;;48.110978, -1.642895;
-973105792;-973105792;En ligne;0003;C3;0;Henri Fréville;48.10983, -1.67783;47
-1338117728;-1338117728;Hors-service;;;;;48.064559, -1.70251;
-1812613792;-1812613792;En ligne;0078;78;1;Betton;48.13473, -1.693408;-94
-243081920;-243081920;En ligne;0001;C1;1;Saint-Grégoire;48.094295, -1.634607;-368
-425587888;-425587888;Hors-service;;;;;48.064319, -1.700834;
-1630107824;-1630107824;En ligne;0071;71;0;Rennes;48.183021, -1.637281;23
-60575952;-60575952;Hors-service;;;;;48.064639, -1.702746;
121930016;121930016;Hors-service;;;;;48.064233, -1.70275;
-1082589920;-1082589920;En ligne;0065;65;0;Pacé / Parthenay;48.138678, -1.76996;-114
304435984;304435984;Hors-service;;;;;48.064475, -1.702355;
851953888;851953888;En ligne;0007;C7;0;Bruz;48.092239, -1.702592;0
377457824;377457824;En ligne;0082;82;0;Miniac;48.296249, -1.94537;227
1216965824;1216965824;En ligne;0007;C7;0;Bruz;48.044637, -1.746461;-7
1581977760;1581977760;En ligne;0002;C2;1;Cesson-Viasilva;48.109656, -1.678124;166
1654999600;1654999600;En ligne;0083;83;1;Thorigné;48.135181, -1.592291;180
1764483728;1764483728;En ligne;0003;C3;1;Patton;48.085638, -1.675043;818
1946989696;1946989696;En ligne;0001;C1;0;Chantepie;48.099307, -1.646499;78
1837505568;1837505568;Hors-service;;;;;48.10448, -1.481871;
-1800459696;-1800459696;Hors-service;0003;C3;1;Patton;48.115199, -1.674509;
2129495664;2129495664;En ligne;0003;C3;1;Patton;48.135008, -1.672789;235
-2092449792;-2092449792;En ligne;0052;52;0;Saint-Gilles;48.151843, -1.594469;131
-1617953728;-1617953728;En ligne;0002;C2;1;Cesson-Viasilva;48.098059, -1.65527;-74
-1982965664;-1982965664;Haut-le-pied;0007;C7;0;Dépôt;48.042713, -1.752593;
-1544931888;-1544931888;Hors-service;;;;;48.147193, -1.705468;
-1070435824;-1070435824;Hors-service;;;;;48.110319, -1.641545;
-1252941792;-1252941792;Hors-service;;;;;48.110556, -1.641714;
-997413984;-997413984;Hors-service;;;;;48.104555, -1.481797;
-522917920;-522917920;En ligne;0014;14;1;Cesson Monniais;48.128596, -1.683761;657
1569823664;1569823664;Hors-service;;;;;48.146799, -1.706995;
-449896080;-449896080;Hors-service;;;;;48.104558, -1.481716;
-1995119760;-1995119760;En ligne;0076;76;1;Rennes;48.074641, -1.853626;0
2117341568;2117341568;Hors-service;;;;;48.146956, -1.705312;
-1459755952;-1459755952;En ligne;0074;74;0;Orgères;48.08645, -1.675034;115
-1447601856;-1447601856;En ligne;0078;78;0;Rennes;48.180074, -1.627871;0
-900083952;-900083952;En ligne;0083;83;1;Thorigné;48.131836, -1.635586;113
-912238048;-912238048;En ligne;0074;74;1;Rennes;47.990159, -1.614036;0
-1265095888;-1265095888;En ligne;0078;78;0;Rennes;48.154002, -1.692051;-2
-352566048;-352566048;En ligne;0068;68;1;Gévezé;48.186751, -1.726116;116
-547226112;-547226112;En ligne;0054;54;0;Le Rheu / Cintré;48.109851, -1.679797;-140
-717577984;-717577984;En ligne;0081;81;1;Rennes;48.144652, -1.782031;-45
12445888;12445888;En ligne;0078;78;0;Rennes;48.184906, -1.650993;23
-182214176;-182214176;En ligne;0072;72;1;Rennes;48.019901, -1.706966;299
-170060080;-170060080;Haut-le-pied;0168;168ex;0;Dépôt;48.203803, -1.78455;
194951856;194951856;Haut-le-pied;0152;152ex;0;Dépôt;48.148315, -1.834118;
291792;291792;En ligne;0079;79;0;Pont-Péan | Laillé;48.088637, -1.674434;0
1472493632;1472493632;Hors-service;;;;;48.103919, -1.481231;
-1909943824;-1909943824;Hors-service;;;;;48.1472, -1.705306;
547809696;547809696;En ligne;0037;37;0;Saint-Jacques;48.120266, -1.754888;399
2020011536;2020011536;En ligne;0070;70;0;Cesson-Viasilva;48.225197, -1.570433;0
-1727437856;-1727437856;En ligne;0052;52;1;Montgermont | La Chapelle;48.146017, -1.703086;146
912821632;912821632;En ligne;0068;68;1;Gévezé;48.121199, -1.702909;0
97621824;97621824;Hors-service;;;;;48.104555, -1.481312;
-1362425920;-1362425920;Hors-service;;;;;48.104552, -1.481393;
1095327600;1095327600;Hors-service;;;;;48.096957, -1.62491;
-1277249984;-1277249984;En ligne;0074;74;0;Orgères | Bourgbarré;48.087759, -1.674517;0
-1179919952;-1179919952;Hors-service;;;;;48.104555, -1.481312;
1460339536;1460339536;En ligne;0074;74;0;Orgères | Moc Souris;48.017758, -1.662798;-34
-1094744016;-1094744016;En ligne;0079;79;0;Pont-Péan | Laillé;48.012695, -1.703437;10
-267390112;-267390112;Hors-service;;;;;48.10448, -1.481629;
1825351472;1825351472;Hors-service;;;;;48.096556, -1.625951;
-729732080;-729732080;En ligne;0037;37;1;Rennes;48.086711, -1.707603;95
-84884144;-84884144;Hors-service;;;;;48.104555, -1.481554;
122221808;122221808;En ligne;0083;83;0;Betton;48.150001, -1.65612;116
365303728;365303728;Hors-service;;;;;48.099198, -1.632117;
-1642261920;-1642261920;Haut-le-pied;0061;61;0;Dépôt;47.99425, -1.663171;
669739712;669739712;Hors-service;;;;;48.146556, -1.705626;
1277833568;1277833568;En ligne;0061;61;0;Saint-Erblon;48.077624, -1.661178;-18
182797760;182797760;En ligne;0072;72;0;Pont-Péan;48.033945, -1.70745;-65
1217257616;1217257616;En ligne;0071;71;1;Betton | Chevaigné;48.205673, -1.63175;-136
2007857440;2007857440;En ligne;0054;54;1;Rennes;48.108486, -1.69327;691
730315664;730315664;En ligne;0073;73;0;Corps-Nuds;47.980476, -1.582527;-201
1582269552;1582269552;En ligne;0083;83;0;Betton;48.127769, -1.620931;-29
-2104603888;-2104603888;En ligne;0072;72;0;Pont-Péan;48.063938, -1.699093;-32
1642845504;1642845504;En ligne;0076;76;1;Rennes;48.116275, -1.70838;138
1947281488;1947281488;En ligne;0155;155ex;0;Mordelles;48.108919, -1.710403;785
304727776;304727776;En ligne;0073;73;1;Rennes;48.087436, -1.643275;241
487233744;487233744;Hors-service;;;;;48.096474, -1.626186;
2129787456;2129787456;Hors-service;;;;;48.146555, -1.705869;
852245680;852245680;En ligne;0076;76;0;Mordelles;48.116349, -1.713058;108
-1982673872;-1982673872;Haut-le-pied;0065;65;0;Dépôt;48.118239, -1.715394;
-1617661936;-1617661936;En ligne;0051;51;1;Betton;48.180369, -1.634811;38
1034751648;1034751648;Hors-service;;;;;48.097039, -1.626276;
-1800167904;-1800167904;En ligne;0070;70;1;Saint-Sulpice;48.132454, -1.619846;0
-1435155968;-1435155968;Hors-service;;;;;48.096716, -1.625548;
1399763584;1399763584;Hors-service;;;;;48.146555, -1.705869;
-705132096;-705132096;Hors-service;;;;;48.147353, -1.706425;
-1070144032;-1070144032;Hors-service;;;;;48.096317, -1.62515;
1764775520;1764775520;Hors-service;;;;;48.096799, -1.626188;
-340120160;-340120160;Haut-le-pied;0202;202;0;Dépôt;48.146155, -1.624668;
-887638064;-887638064;Hors-service;;;;;48.096314, -1.624988;
-1252650000;-1252650000;En ligne;0175;175ex;1;Nouvoitou;48.061313, -1.597372;-251
389903712;389903712;En ligne;0077;77;1;Rennes;48.134895, -1.764541;139
-157614192;-157614192;En ligne;0083;83;1;Thorigné;48.178221, -1.651374;25
-522626128;-522626128;En ligne;0071;71;1;Betton | Chevaigné;48.129839, -1.65651;0
572409680;572409680;En ligne;0077;77;0;Pacé;48.12196, -1.728261;-28
937421616;937421616;Hors-service;;;;;48.097357, -1.624353;
24891776;24891776;Hors-service;;;;;48.097034, -1.624109;
1302433552;1302433552;Hors-service;;;;;48.096395, -1.624753;
-1349980032;-1349980032;En ligne;0062;62;1;Rennes;48.049438, -1.610133;66
207397744;207397744;En ligne;0068;68;0;Rennes;48.15457, -1.705627;52
1849951456;1849951456;En ligne;0083;83;0;Betton;48.179876, -1.652369;181
-1167474064;-1167474064;En ligne;0054;54;0;Le Rheu / Cintré;48.096384, -1.76341;800
754915648;754915648;En ligne;0077;77;1;Rennes;48.148959, -1.762039;203
2032457424;2032457424;En ligne;0205;205;0;Villejean | Université;48.123932, -1.703327;141
-437450192;-437450192;Haut-le-pied;0076;76;0;Dépôt;48.139301, -1.700845;
1119927584;1119927584;Hors-service;;;;;48.097118, -1.624265;
-1714991968;-1714991968;En ligne;0081;81;0;Clayes-Romillé;48.155311, -1.824857;-47
-72438256;-72438256;En ligne;0065;65;0;Pacé / Parthenay;48.121117, -1.703157;0
-2080003904;-2080003904;En ligne;0082;82;0;Miniac;48.180227, -1.849957;92
-802462128;-802462128;En ligne;0073;73;1;Rennes | La Poterie;48.014833, -1.599044;144
1205103520;1205103520;En ligne;0076;76;1;Rennes;48.098485, -1.784298;-149
-1897497936;-1897497936;En ligne;0062;62;0;Vern-sur-Seiche;48.049466, -1.609397;64
-619956160;-619956160;En ligne;0051;51;0;Rennes;48.180741, -1.651933;61
1387609488;1387609488;En ligne;0065;65;0;Pacé / Parthenay;48.190816, -1.823211;-133
-1532486000;-1532486000;En ligne;0054;54;1;Rennes;48.108736, -1.696711;263
475079648;475079648;En ligne;0065;65;1;Rennes;48.149473, -1.7694;-111
1752621424;1752621424;Haut-le-pied;0201;201;0;Dépôt;48.122792, -1.658272;
-984968096;-984968096;En ligne;0077;77;1;Rennes;48.1604, -1.76803;0
657585616;657585616;Hors-service;;;;;48.103033, -1.442752;
1935127392;1935127392;Inconnu;0082;82;1;Rennes;48.245674, -1.854349;
-254944224;-254944224;Hors-service;;;;;48.115999, -1.577715;
840091584;840091584;Hors-service;;;;;48.096398, -1.624673;
-1447310064;-1447310064;En ligne;0081;81;0;Clayes-Romillé;48.20955, -1.888032;185
110067712;110067712;En ligne;0168;168ex;1;Gévezé;48.133393, -1.69302;23
1570115456;1570115456;En ligne;0052;52;0;Saint-Gilles;48.120587, -1.710555;-67
-1264804096;-1264804096;En ligne;0081;81;1;Rennes;48.121278, -1.707695;323
292573680;292573680;Hors-service;;;;;48.147278, -1.70627;
-1082298128;-1082298128;Hors-service;;;;;48.146712, -1.706906;
925267520;925267520;En ligne;0076;76;0;Mordelles;48.095825, -1.79738;-94
1022597552;1022597552;Hors-service;;;;;48.096961, -1.624587;
-717286192;-717286192;En ligne;0178;178ex;1;Betton;48.175592, -1.66226;41
1472785424;1472785424;En ligne;0052;52;0;Saint-Gilles;48.152559, -1.807495;-46
2117633360;2117633360;En ligne;0039;39;1;Maison Blanche;48.153444, -1.686586;64
-352274256;-352274256;Hors-service;;;;;48.096312, -1.625957;
-2092158000;-2092158000;Haut-le-pied;0155;155ex;0;Dépôt;48.112429, -1.681385;
-1812322000;-1812322000;En ligne;0052;52;1;Montgermont | La Chapelle;48.121248, -1.704381;-66
195243648;195243648;Hors-service;;;;;48.147278, -1.70627;
-1909652032;-1909652032;En ligne;0055;55;1;Rennes;48.109089, -1.708857;554
-169768288;-169768288;En ligne;0052;52;1;Montgermont | La Chapelle;48.15072, -1.825353;137
377749616;377749616;En ligne;0078;78;0;Rennes;48.126477, -1.693079;-182
-1727146064;-1727146064;En ligne;0055;55;0;Mordelles Le Verger;48.10698, -1.728212;631
12737680;12737680;En ligne;0014;14;0;Roazhon Park;48.120153, -1.636526;90
560255584;560255584;En ligne;0083;83;0;Betton;48.129716, -1.656877;-296
-1836532928;-1836532928;Hors-service;;;;;48.147357, -1.706115;
1107773488;1107773488;Inconnu;0155;155ex;0;Mordelles;48.086077, -1.806277;
742761552;742761552;En ligne;0055;55;1;Rennes;48.095042, -1.7696;116
-1654026960;-1654026960;Hors-service;;;;;48.147274, -1.705717;
-1544640096;-1544640096;En ligne;0052;52;0;Saint-Gilles;48.182959, -1.726275;0
1290279456;1290279456;Hors-service;;;;;48.147199, -1.706909;
-558991152;-558991152;Inconnu;;;;;48.287596, -1.955877;
1180892592;1180892592;Hors-service;;;;;48.147195, -1.706114;
1837797360;1837797360;En ligne;0075;75;0;Rennes;48.034603, -1.577982;86
-1872897952;-1872897952;Hors-service;;;;;48.080241, -1.734753;
1910916464;1910916464;Hors-service;;;;;48.14728, -1.705785;
-1362134128;-1362134128;Hors-service;;;;;48.147356, -1.706358;
-1325380048;-1325380048;Hors-service;;;;;48.079435, -1.734829;
-2019038896;-2019038896;Hors-service;;;;;48.147279, -1.706027;
1545904528;1545904528;Hors-service;;;;;48.147279, -1.706027;
-1142874080;-1142874080;Hors-service;;;;;48.079916, -1.734751;
-1289015024;-1289015024;Hors-service;;;;;48.147274, -1.705717;
2093422432;2093422432;Hors-service;;;;;48.096238, -1.625318;
-412850208;-412850208;En ligne;0056;56;1;Rennes;48.109863, -1.680188;643
-924003088;-924003088;Hors-service;;;;;48.146712, -1.706906;
-376485184;-376485184;En ligne;0243;243;0;Pacé;48.148275, -1.764025;-164
134667696;134667696;En ligne;0091;91;0;Bruz | Cicé Blossac;48.029029, -1.736029;19
-741497120;-741497120;Haut-le-pied;0226;226;1;Dépôt;48.157929, -1.711342;
-193979216;-193979216;Hors-service;;;;;48.14664, -1.706913;
317173664;317173664;Hors-service;;;;;48.079357, -1.734754;
-595356176;-595356176;En ligne;0091;91;1;Noyal-Châtillon;48.024589, -1.757134;102
-2055403920;-2055403920;En ligne;0156;156ex;0;Chavagne;48.054508, -1.790296;-216
1959727376;1959727376;Hors-service;;;;;48.079596, -1.735314;
-230344240;-230344240;Hors-service;;;;;48.079834, -1.735227;
-1690391984;-1690391984;Hors-service;;;;;48.079274, -1.734585;
2142233344;2142233344;Hors-service;;;;;48.053999, -1.71971;
-47838272;-47838272;Inconnu;0091;91;1;Noyal-Châtillon;48.044396, -1.663708;
-1507886016;-1507886016;En ligne;0090;90;1;Bruz;47.99448, -1.74011;0
-1970227984;-1970227984;Hors-service;;;;;47.95296, -1.508356;
682185600;682185600;Haut-le-pied;0156;156ex;0;Dépôt;48.088713, -1.674346;
-777862144;-777862144;Hors-service;;;;;48.079994, -1.734825;
-1605216048;-1605216048;En ligne;0056;56;1;Rennes;48.079992, -1.774162;354
864691568;864691568;En ligne;0156;156ex;0;Chavagne;48.105828, -1.683034;29
499679632;499679632;Hors-service;;;;;48.052958, -1.720034;
1461020384;1461020384;Haut-le-pied;0204;204;0;Dépôt;48.130878, -1.670108;
-1422710080;-1422710080;Hors-service;;;;;48.079839, -1.734192;
1047197536;1047197536;En ligne;0056;56;0;Chavagne;48.108783, -1.710889;174
2008538288;2008538288;Hors-service;;;;;48.0796, -1.733875;
2105868320;2105868320;Haut-le-pied;0218;218;1;Dépôt;48.112795, -1.783777;
1229703504;1229703504;Hors-service;;;;;48.079918, -1.735154;
-1556405136;-1556405136;Inconnu;0225;225;0;Pacé |  Chêne Amoureux;48.14544, -1.783947;
1096008448;1096008448;En ligne;0224;224;0;La Chapelle;48.168513, -1.735371;-574
1412209472;1412209472;Hors-service;;;;;48.080316, -1.734665;
-1373899168;-1373899168;Hors-service;;;;;48.079973, -1.734231;
426949584;426949584;En ligne;0072;72;1;Rennes;48.066536, -1.698153;16
1594715440;1594715440;Hors-service;;;;;48.079757, -1.735557;
-1191393200;-1191393200;Haut-le-pied;0236;236;1;Dépôt;48.107079, -1.757537;
791961520;791961520;Hors-service;;;;;48.099273, -1.633631;
1777221408;1777221408;Hors-service;;;;;48.080153, -1.734906;
61937648;61937648;En ligne;0080;80;0;Laillé;48.084454, -1.675113;132
1886997328;1886997328;Hors-service;;;;;48.099432, -1.632111;
-1787722016;-1787722016;Hors-service;;;;;48.079757, -1.735557;
609455552;609455552;En ligne;0080;80;1;Rennes;47.98594, -1.739964;61
-1677946096;-1677946096;Hors-service;;;;;48.099036, -1.633476;
-1240204112;-1240204112;En ligne;0056;56;0;Chavagne;48.056015, -1.789371;552
974467488;974467488;Haut-le-pied;0172;172ex;1;Dépôt;48.037249, -1.698993;
329619552;329619552;Hors-service;;;;;48.098877, -1.633394;
1923362352;1923362352;Hors-service;;;;;48.158809, -1.683384;
1521985392;1521985392;Hors-service;;;;;48.09984, -1.63251;
1242149392;1242149392;Hors-service;;;;;48.099561, -1.631355;
1643526352;1643526352;Hors-service;;;;;47.995034, -1.627153;
1704491360;1704491360;Hors-service;;;;;48.098955, -1.633468;
1972173264;1972173264;En ligne;0067;67;1;Cesson-Champelé;48.114041, -1.628048;57
1826032320;1826032320;En ligne;0223;223;1;Betton |  Chevaigné;48.165064, -1.645795;56
2069503296;2069503296;Hors-service;;;;;48.099118, -1.632756;
-1957782096;-1957782096;En ligne;0072;72;1;Rennes;47.999917, -1.696996;0
244443616;244443616;En ligne;0079;79;1;Rennes;48.082247, -1.674864;-201
-1130428192;-1130428192;Hors-service;;;;;48.099354, -1.632265;
-1775276128;-1775276128;En ligne;0072;72;1;Rennes;48.097406, -1.661766;333
-1860452064;-1860452064;Hors-service;;;;;48.099357, -1.631956;
-400404320;-400404320;Hors-service;;;;;48.0992, -1.63275;
-1714311120;-1714311120;En ligne;0221;221;1;Thorigné-Cesson;48.119036, -1.598345;0
-1312934160;-1312934160;Hors-service;;;;;48.099439, -1.63195;
-217898352;-217898352;Hors-service;;;;;48.099679, -1.633397;
-1531805152;-1531805152;Hors-service;;;;;48.09936, -1.632118;
-947922224;-947922224;Hors-service;;;;;48.0996, -1.632193;
877137456;877137456;Haut-le-pied;0200;200;0;Dépôt;48.124675, -1.627418;
-801781280;-801781280;En ligne;0214;214;0;La Poterie;48.112655, -1.606862;68
-765416256;-765416256;Hors-service;;;;;48.099433, -1.633228;
1424655360;1424655360;En ligne;0067;67;1;Brécé;48.109344, -1.502269;-146
-619275312;-619275312;En ligne;0214;214;0;La Poterie;48.112597, -1.607651;57
-582910288;-582910288;Hors-service;;;;;48.099437, -1.632676;
-1592770160;-1592770160;En ligne;0067;67;0;Rennes;48.109813, -1.677815;9
-436769344;-436769344;Hors-service;;;;;48.098958, -1.633388;
-35392384;-35392384;Hors-service;;;;;48.099758, -1.633229;
-1349299184;-1349299184;Hors-service;;;;;48.204318, -1.744115;
-1933182112;-1933182112;En ligne;0059;59;0;Bruz;48.083331, -1.696983;110
512125520;512125520;Hors-service;;;;;48.099357, -1.631956;
-1166793216;-1166793216;Hors-service;;;;;48.099357, -1.632185;
74383536;74383536;Hors-service;;;;;48.051999, -1.716748;
694631488;694631488;Hors-service;;;;;48.099352, -1.633234;
-1750676144;-1750676144;Hors-service;;;;;48.052398, -1.716676;
621901440;621901440;Hors-service;;;;;48.05216, -1.716991;
1789667296;1789667296;En ligne;0067;67;0;Rennes;48.114415, -1.601725;26
-1385664208;-1385664208;Hors-service;;;;;48.052559, -1.717389;
1498066256;1498066256;Hors-service;;;;;48.052473, -1.717072;
-2140288064;-2140288064;En ligne;0072;72;0;Pont-Péan;48.088796, -1.674515;0
-655640336;-655640336;En ligne;0061;61;1;Rennes;48.034428, -1.663434;54
1863078192;1863078192;Haut-le-pied;0240;240;1;Dépôt;48.148404, -1.837872;
-984287248;-984287248;En ligne;0220;220;1;Acigné;48.119032, -1.598197;0
-473134368;-473134368;En ligne;0161;161ex;0;Bourgbarré;48.04467, -1.664982;-104
-1519359264;-1519359264;Haut-le-pied;0240;240;1;Dépôt;48.144752, -1.83328;
-2115688080;-2115688080;En ligne;0161;161ex;0;Bourgbarré;48.087913, -1.674517;0
-290628400;-290628400;Haut-le-pied;0161;161ex;0;Dépôt;48.011558, -1.645216;
-1154347328;-1154347328;Haut-le-pied;0241;241;1;Dépôt;48.05072, -1.862187;
-1568170176;-1568170176;Hors-service;;;;;48.052398, -1.716918;
-108122432;-108122432;Hors-service;;;;;48.051999, -1.716748;
-971841360;-971841360;En ligne;0219;219;1;Saint-Jacques;48.078454, -1.715705;-43
-1020652272;-1020652272;En ligne;0061;61;1;Rennes;48.017355, -1.660438;0
256889504;256889504;En ligne;0074;74;1;Rennes;47.99271, -1.670395;52
123194448;123194448;Hors-service;;;;;48.052558, -1.717631;
-838146304;-838146304;En ligne;0059;59;1;Rennes;48.019424, -1.74596;153
804407408;804407408;Hors-service;;;;;48.052236, -1.716675;
305700416;305700416;Hors-service;;;;;48.017832, -1.661151;
439395472;439395472;Hors-service;;;;;48.052076, -1.717306;
1680572224;1680572224;En ligne;0237;237;0;Chavagne;48.050961, -1.797021;-35
549171392;549171392;Hors-service;;;;;48.146955, -1.706025;
986913376;986913376;En ligne;0161;161ex;0;Bourgbarré;47.998489, -1.625494;22
-789335392;-789335392;Hors-service;;;;;48.052556, -1.71747;
731677360;731677360;Hors-service;;;;;48.14696, -1.706107;
1169419344;1169419344;Hors-service;;;;;48.052236, -1.716675;
853218320;853218320;En ligne;0213;213;0;Orgères |  Bourgbarré;47.99488, -1.661387;144
914183328;914183328;En ligne;0083;83;1;Thorigné;48.152783, -1.588152;315
1351925312;1351925312;Hors-service;;;;;48.052236, -1.716675;
1653488;1653488;En ligne;0083;83;0;Betton;48.151497, -1.5788;27
1096689296;1096689296;En ligne;0077;77;0;Pacé;48.121037, -1.702908;0
-2066877168;-2066877168;Hors-service;;;;;48.052632, -1.717154;
1279195264;1279195264;Hors-service;;;;;48.110239, -1.642669;
1461701232;1461701232;Hors-service;;;;;48.096713, -1.625387;
366665424;366665424;Hors-service;;;;;48.147119, -1.706188;
-2103242192;-2103242192;Hors-service;;;;;48.147275, -1.70635;
2009219136;2009219136;Hors-service;;;;;48.096474, -1.624585;
1644207200;1644207200;Hors-service;;;;;48.097195, -1.624352;
86829424;86829424;Hors-service;;;;;48.147756, -1.703794;
-1738230256;-1738230256;Hors-service;;;;;48.146793, -1.705553;
1826713168;1826713168;Hors-service;;;;;48.096397, -1.625157;
816853296;816853296;Hors-service;;;;;48.096232, -1.625466;
-825700416;-825700416;Hors-service;;;;;48.147197, -1.706276;
-1920736224;-1920736224;Hors-service;;;;;48.096792, -1.624748;
999359264;999359264;Hors-service;;;;;48.096159, -1.625715;
-460688480;-460688480;Hors-service;;;;;48.096232, -1.625237;
269335392;269335392;En ligne;0051;51;0;Rennes;48.155444, -1.651118;163
1911889104;1911889104;En ligne;0051;51;1;Betton;48.134132, -1.658034;-34
1181865232;1181865232;En ligne;0075;75;1;Vern Nouvoitou;48.085281, -1.643759;107
634347328;634347328;En ligne;0054;54;0;Le Rheu / Cintré;48.103596, -1.877917;778
-1470548352;-1470548352;En ligne;0054;54;0;Le Rheu / Cintré;48.10742, -1.717013;246
1364371200;1364371200;En ligne;0054;54;1;Rennes;48.097252, -1.760662;0
1546877168;1546877168;En ligne;0075;75;1;Vern Nouvoitou;48.058687, -1.590287;154
-1835560288;-1835560288;En ligne;0062;62;0;Vern-sur-Seiche;48.087678, -1.643552;0
1729383136;1729383136;En ligne;0083;83;1;Thorigné;48.146031, -1.656902;44
-1653054320;-1653054320;Haut-le-pied;0154;154ex;0;Dépôt;48.075215, -1.850409;
2094395072;2094395072;Hors-service;;;;;48.096872, -1.624997;
-1288042384;-1288042384;En ligne;0055;55;1;Rennes;48.060752, -1.875753;130
-2018066256;-2018066256;En ligne;0173;173ex;0;Corps-Nuds;48.086291, -1.644197;-773
2118995056;2118995056;Hors-service;;;;;48.110476, -1.643066;
-1993466272;-1993466272;Hors-service;;;;;48.110313, -1.642837;
